"ISO3","Country","Land.Area","Population","Coastline.Length","MAT","MAP","Grazing Area","Livestock Head","Cropland Area","Seagrass Restorable Area","Seagrass Annual Protectable Area","Saltmarsh Restorable Area","Saltmarsh Annual Protectable Area","Plantation Area","Natural Forest Area","Fertilizer Added","Cereal Production","Rice Production","Sugarcane Production","Wood Residues","Grass Loss"
"ABW","Aruba",18,105.845,"68.5",25.35,NA,NA,NA,2,NA,NA,NA,NA,NA,NA,NA,NA,NA,NA,NA,NA
"AFG","Afghanistan",65286,37171.921,"0",12.6,327,"30000",5022.606,7919,NA,NA,NA,NA,0,1208.44,46.6135,3819.175,352.177,25.421,NA,1.28772625570453e-13
"AGO","Angola",124670,30809.787,"1,600.00",21.55,1010,"51737.49",5044.019,5215,10.846,0.8861,NA,NA,840.83,68541.86,21.94248,2961.252,56.441,572.948,NA,110.947819838055
"AIA","Anguilla",9,14.731,"61",NA,NA,NA,NA,NA,NA,NA,NA,NA,NA,NA,NA,NA,NA,NA,NA,NA
"ALB","Albania",2740,2882.74,"362",11.4,1485,"478.081",467.318,696,0.806,0.0658,0.71892,0.058641,70.39,711.68,24.76907,705.681,0,NA,3000,0
"AND","Andorra",47,77.006,"0",7.6,NA,"18",NA,0.83,NA,NA,NA,NA,0,16,NA,NA,NA,NA,NA,0.118218623481781
"ANT","Netherlands Antilles",NA,NA,NA,NA,NA,NA,0.508,NA,NA,NA,NA,NA,NA,NA,NA,NA,NA,NA,NA,NA
"ARE","United Arab Emirates",7102,9630.959,"1,318.00",27,78,"300",104.969,81.75,83.472,6.8201,0.8785,0.07168,0,0,15.14637,9.056,NA,NA,NA,0
"ARG","Argentina",273669,44361.15,"4,989.00",14.8,591,"108500",53928.99,40268,NA,NA,21.74556,1.77667,1389.24,27137,1160.5195,88240.331,1367.968,19039.561,417317,0
"ARM","Armenia",2847,2951.745,"0",7.15,562,"1172.6",590.585,504.7,NA,NA,NA,NA,0,310,90.1063,388.515,NA,NA,0,0
"ASM","American Samoa",20,55.465,"116",24.4,NA,NA,0.111,4.9,NA,NA,0.00102,-1.7e-05,NA,NA,NA,0.03,NA,0.03,NA,NA
"ATG","Antigua and Barbuda",44,96.286,"153",26,1030,"4",4.71,5,4.568,0.3731,NA,NA,0,0,0.00859,0.075,NA,NA,NA,0
"AUS","Australia",769202,24898.152,"25,957.00",21.65,534,"327589",26395.734,31306,1149.506,93.9229,242.53575,19.816837,1942.7,131614.8,1411.216,66727.753,635.113,33506.83,2577000,4256.56376518225
"AUT","Austria",8252,8891.388,"0",6.35,1110,"1258.81",1943.476,1394.02,NA,NA,NA,NA,0,2227.5,114.347,6963.429,NA,NA,3269000,7.17781376518235
"AZE","Azerbaijan",8265.4,9949.537,"0",11.95,447,"2426.6",2482.627,2352.9,NA,NA,NA,NA,22.17,809.36,118.93389,3447.061,11.975,NA,100,0
"BDI","Burundi",2568,11175.374,"0",19.8,1274,"483",1110.936,1550,NA,NA,NA,NA,112.97,166.67,13.45665,548.57,55.671,178.439,NA,12.5178137651821
"BEL","Belgium",3028,11482.178,"66.5",9.55,847,"480",2398.09,874,NA,NA,0.13288,0.010757,438.2,251.2,170.44815,7675.057,NA,NA,538940,3.10421052631569
"BEN","Benin",11276,11485.044,"121",27.55,1039,"550",2462,3400,24.564,2.0069,NA,NA,23,3112.15,48.05906,1867.845,459.313,11.602,NA,0
"BFA","Burkina Faso",27360,19751.466,"0",28.25,748,"6000",9788.225,6100,NA,NA,NA,NA,8.9,6039.3,56.65492,5320.518,160.949,490.208,NA,8.27824021524132e-14
"BGD","Bangladesh",13017,161376.708,"580",25,2666,"600",24086,8602.3,NA,NA,NA,NA,158.07,1725.33,1330.58,8311.25,56417.319,3638.731,NA,0
"BGR","Bulgaria",10856,7051.608,"354",10.55,608,"1399",540.115,3631,NA,NA,0.70305,0.057345,0,3116,334.565,9868.584,63.415,NA,0,16.7326923076922
"BHR","Bahrain",78,1569.446,"161",27.15,83,"4",9.844,4.6,9.801,0.8007,NA,NA,0.7,0,3.07024,NA,NA,NA,NA,0
"BHS","Bahamas",1001,385.637,"3,542.00",24.85,1292,"2",0.739,12,41.364,3.3796,NA,NA,0,509.86,0.66204,58.102,NA,57.36,NA,1.06666777947044e-17
"BIH","Bosnia and Herzegovina",5120,3323.925,"20",9.85,1028,"1082",438.006,1129,NA,NA,NA,NA,0,2057.2,69.45262,1743.1,NA,NA,1e+05,5.01037851037854
"BLR","Belarus",20298,9452.617,"0",6.15,618,"2630",4341.5,5823,NA,NA,NA,NA,6.11,6522.14,404.895,10601.633,NA,NA,241000,7.9991452991454
"BLZ","Belize",2281,383.071,"386",25.3,1705,"50",117.375,122,89.538,7.3158,NA,NA,2.39,1274.67,10.70438,1793.503,13.375,1707.537,NA,0
"BMU","Bermuda",5.4,62.756,"103",21.3,NA,NA,0.64,0.3,NA,NA,NA,NA,NA,NA,0.03248,NA,NA,NA,NA,NA
"BOL","Bolivia",108330,11353.142,"0",21.55,1146,"33000",9556,4727,NA,NA,NA,NA,38.79,50771.16,14.21705,12271.947,541.157,9616.44,402000,0
"BRA","Brazil",835814,209469.323,"7,491.00",24.95,1761,"173360.801",213523.056,63518,7.803,0.6374,8.86737,0.724428,11223.6,485396,5119.75721,838077.529,11749.192,746828.157,19140000,233.121433400816
"BRB","Barbados",43,286.641,"97",26,1422,"2",10.767,8,1.641,0.1339,NA,NA,0,6.3,0.23018,146.94,NA,146.831,NA,0
"BRN","Brunei Darussalam",527,428.963,"161",26.85,2722,"3.4",0.681,11,NA,NA,NA,NA,0,374.74,0.243,NA,1.569,NA,NA,0.071275303643725
"BTN","Bhutan",3814,754.388,"0",7.4,2200,"413",298.601,100,NA,NA,NA,NA,20.38,2696.78,2.8193,102.35,88.753,0.415,300,0
"BWA","Botswana",56673,2254.068,"0",21.5,416,"25600",1448.18,261.6,NA,NA,NA,NA,0,15727.9,21.156,36.284,NA,NA,NA,2.48347206457279e-13
"CAF","Central African Republic",62298,4666.368,"0",24.9,1343,"3200",4679.519,1880,NA,NA,NA,NA,2,22301,0.08618,234.442,11.108,107.646,NA,0
"CAN","Canada",896559,37074.562,"202,080.00",-5.35,537,"19342",11565,38857,7.289,0.5955,20.35604,1.663137,0,328764.71,2769,58468.117,NA,NA,8774000,0
"CHE","Switzerland",3951.603,8525.611,"0",5.5,1537,"1086.7152",1543.345,423.3604,NA,NA,NA,NA,0.81,1119.96,44.54956,2507.515,NA,NA,0,3.91036831983808
"CHL","Chile",74353.2,18729.16,"6,435.00",8.45,1522,"14015",2939.902,1678,NA,NA,7.61748,0.622304,3184.7,15026.03,263.68038,5843.122,192.808,NA,1916000,0
"CHN","China",938821,1427647.786,"14,500.00",6.95,645,NA,63271.25,134900,147.716,12.0693,100.52059,8.213164,45736,135281.88,28141.472,516946.53,212129,108097.1,1.04e+08,0
"CIV","Cote d'Ivoire",31800,25069.23,"515",26.35,1348,"13200",1669.694,8000,NA,NA,NA,NA,13.95,2822.76,36.96642,3105.095,2109.333,1948.318,69200,0
"CMR","Cameroon",47271,25216.267,"402",24.6,1604,"2000",5737.585,7750,NA,NA,NA,NA,61.1,20279.38,46.50916,5152.951,332.534,1287.002,16000,0
"COD","Democratic Republic of the Congo",226705,84068.091,"37",24,1543,"18200",1037.536,13300,NA,NA,NA,NA,57.7,126097.5,9.67052,4490.147,990.139,2359.258,NA,0
"COG","Congo",34150,5244.359,"169",24.55,1646,"10000",364.343,628,NA,NA,NA,NA,59.5,21886.5,0.32805,746.904,1.196,718.214,NA,0
"COK","Cook Islands",24,17.518,"120",NA,NA,NA,0.112,1.5,NA,NA,NA,NA,1.1,14.4,0.0117,NA,NA,NA,NA,NA
"COL","Colombia",110950,49661.048,"3,208.00",24.5,3240,"39600",25557.34,9892,7.882,0.6439,NA,NA,593.72,58714.51,565.24152,37741.22,3322.937,36276.86,210809,13.9056477732793
"COM","Comoros",186.1,832.322,"340",25.55,900,"15",50.797,116,23.144,1.8909,NA,NA,0.21,32.71,NA,7.014,31.34,NA,NA,3.73525518054826e-29
"CPV","Cape Verde",403,543.767,"965",23.3,228,"25",29.558,54,NA,NA,NA,NA,32.04,13.68,NA,26.833,NA,22.94,NA,2.56000267072938e-16
"CRI","Costa Rica",5106,4999.441,"1,290.00",24.8,2926,"1200",1445.782,582.5,NA,NA,NA,NA,86.6,2948.27,96.21193,4426.568,158.311,4421.21,228630,27.7470331983805
"CUB","Cuba",10380,11338.134,"3,735.00",25.2,1335,"2738.4",3808.4,3561.6,254.186,20.7687,NA,NA,532.66,2709.34,53.49336,19999.844,460.87,19648.34,600,1.53308704453439
"CYM","Cayman Islands",24,64.174,"160",25.2,NA,"2",2.124,0.7,NA,NA,NA,NA,NA,NA,NA,NA,NA,NA,NA,1.06666777947064e-17
"CYP","Cyprus",924,1189.265,"648",18.45,498,"1.592",70.821,129.355,1.279,0.1044,1.28611,0.104985,0,139.65,7.77334,37.225,NA,NA,6958,0.0881360323886644
"CZE","Czech Republic",7720,10665.677,"0",7.55,677,"990",1415.77,2533,NA,NA,NA,NA,0,137.66,351.78,10696.244,NA,NA,875006,0
"DEU","Germany",34938,83124.418,"2,389.00",8.5,700,"4713",11949.092,11930,7.257,0.5929,4.73887,0.3871,0,5709.5,1342.284,64147.2,NA,NA,4327883,38.669230769231
"DJI","Djibouti",2318,958.923,"314",28,220,"1700",300.87,2,NA,NA,NA,NA,0.2,5.6,NA,0.071,NA,0.053,NA,0
"DMA","Dominica",75,71.625,"148",22.35,2083,"2",14.071,23,9.547,0.78,NA,NA,0.81,47.06,0.0501,5.108,NA,4.917,NA,8.98246551133132e-18
"DNK","Denmark",4000,5752.126,"7,314.00",7.5,703,"213",1540.446,2420,21.633,1.7675,14.50613,1.185157,259.5,182.05,191.93584,9112.91,NA,NA,0,0
"DOM","Dominican Republic",4831,10627.141,"1,288.00",24.55,1410,"1197",3011.854,1232,6.343,0.5182,NA,NA,53.03,1969.77,89.63522,5323.149,627.362,5277.574,NA,0.115384615384624
"DZA","Algeria",238174.1,42228.408,"998",22.5,89,"32841.83",1813.192,8517.017,0.742,0.0605,NA,NA,0,1439,70.2,6064.568,0.313,NA,NA,0
"ECU","Ecuador",24836,17084.358,"2,237.00",21.85,2274,"3094",4056.796,2354,NA,NA,NA,NA,111.01,12386.79,206.42153,8866.057,1350.093,7502.251,158000,19.9367610323887
"EGY","Egypt",99545,98423.598,"2,450.00",22.1,51,"NO DATA",4516.584,3835.9688,59.127,4.831,NA,NA,0,0,1312.9,43616.944,4900,15242.687,NA,NA
"ERI","Eritrea",10100,3452.786,"2,234.00",25.5,384,"6900",2129.963,692,1.993,0.1628,NA,NA,16.4,1011.86,4.65005,312.654,NA,NA,NA,3.20683760683758
"ESH","Western Sahara",26600,567.402,"1,110.00",NA,NA,"5000",NA,4,NA,NA,NA,NA,NA,NA,NA,1.857,NA,NA,NA,0
"ESP","Spain",49960.3479,46692.858,"4,964.00",13.3,636,"9412.96",6510.592,16770.3639,75.772,6.191,9.84561,0.804358,1004.3,15982.08,1033.494,26426.368,808.167,1.091,1775000,19.0471530364375
"EST","Estonia",4347,1322.92,"3,794.00",5.1,626,"312",251.9,692,NA,NA,7.52527,0.614769,6.79,2222.66,38.867,918.385,NA,NA,1100000,0
"ETH","Ethiopia",112930.039,109224.414,"0",22.2,848,"20000",62599.736,17903,NA,NA,NA,NA,962.65,15865.2,420.13762,26522.403,144.2,1474.881,1000,0
"FIN","Finland",30392,5522.576,"1,250.00",1.7,536,"24",882.277,2247,NA,NA,2.48,0.202534,33.61,15040.92,138.385,3088.933,NA,NA,5064071,4.00514170040477
"FJI","Fiji",1827,883.483,"1,129.00",24.4,2592,"175",53.019,250,31.762,2.5951,NA,NA,206.8,933.14,3.00377,1384.317,7.051,1383.084,NA,0
"FLK","Falkland Islands (Malvinas)",1217,3.234,"1,288.00",NA,NA,"1141.6",4.194,NA,NA,NA,NA,NA,NA,NA,NA,NA,NA,NA,NA,2.61690283400807
"FRA","France",54755.7,64990.511,"3,427.00",10.7,867,"9527.9",18547.082,19132.2,112.772,9.2142,6.79743,0.5553,0,14819,2248.277,104332.395,73.306,2273.517,8224000,96.8368467611338
"FRO","Faroe Islands",139.6,48.497,"1,117.00",6.1,NA,NA,1.816,3,NA,NA,NA,NA,0.08,0,NA,NA,NA,NA,NA,NA
"FSM","Micronesia, Federated States of",70,112.64,"6,112.00",25.85,NA,"3",18.023,19,28.981,2.3678,NA,NA,14.21,50.21,NA,0.11,0.177,NA,NA,6.431032343677e-19
"GAB","Gabon",25767,2119.275,"885",25.05,1831,"1717.64",38.145,495,NA,NA,NA,NA,30,23500.59,6.21291,340.454,1.83,294.448,NA,91.0262510121482
"GBR","United Kingdom",24193,67141.684,"12,429.00",8.45,1220,"11266.9086",9892,6083.953,21.908,1.79,14.97213,1.223232,0,344,1033,28704.346,NA,NA,813469,4.67932226720638
"GEO","Georgia",6949,4002.942,"310",5.8,1026,"1940",909.7,431.8,NA,NA,NA,NA,71.97,2750.43,41.4,371.35,NA,NA,120800,2.58351648351648
"GHA","Ghana",22754,29767.102,"539",27.2,1187,"7382.74",1879.009,7400,49.642,4.056,NA,NA,275.43,7688.61,55.2,2956.734,769.401,152.499,NA,36.5268987854244
"GIB","Gibraltar",1,33.718,"12",NA,NA,NA,NA,NA,NA,NA,NA,NA,NA,NA,NA,NA,NA,NA,NA,NA
"GIN","Guinea",24572,12414.293,"320",25.7,1651,"10700",7520.274,3800,234.31,19.1448,NA,NA,25,6132,9.46367,1882.854,2339.747,311.561,NA,0.160323886639714
"GLP","Guadeloupe",162,399.848,"",NA,NA,"25.85",77.205,25.73,NA,NA,NA,NA,NA,NA,NA,669.573,NA,669.573,NA,0
"GMB","Gambia",1012,2280.094,"80",27.5,836,"160",464.283,445,NA,NA,NA,NA,1.78,240.89,2.00692,168.31,53.809,NA,NA,8.71234817813766
"GNB","Guinea-Bissau",2812,1874.303,"350",26.75,1577,"265.11",733.686,550,280.227,22.8965,NA,NA,1.05,1979,NA,50.146,171.239,6.923,NA,30.4259696356275
"GNQ","Equatorial Guinea",2805,1308.975,"296",24.55,2156,"104",5.397,180,NA,NA,NA,NA,125,2323.43,NA,NA,NA,NA,NA,0.636308502024288
"GRC","Greece",12890,10522.246,"13,676.00",15.4,652,"2882",612.961,3221.6,7.552,0.6169,NA,NA,138.9,3762.9,179.436,3167.304,222.69,NA,4500,69.2226720647773
"GRD","Grenada",34,111.454,"121",26.65,2350,"1",4.563,7,0.188,0.0153,NA,NA,0.21,17.49,NA,7.668,NA,7.303,NA,5.33333889735287e-18
"GRL","Greenland",41045,56.564,"44,087.00",-16.05,NA,"243.11",0.165,NA,NA,NA,NA,NA,NA,NA,NA,NA,NA,NA,NA,0
"GTM","Guatemala",10716,17247.849,"400",23.45,1996,"1811",3899.989,2045,0.004,3e-04,NA,NA,117.17,3438.38,172.84757,37540.775,31.498,35568.207,136912,2.23866396761149
"GUM","Guam",54,165.768,"125.5",25.85,NA,"8",0.157,10,NA,NA,0.0025,0.000104,NA,NA,NA,0.056,NA,NA,NA,4.26667111788256e-17
"GUY","Guyana",19685,779.006,"459",26,2387,"781.25",99.254,470,NA,NA,NA,NA,0,18415.34,19.81734,1218.779,964.472,1214.495,NA,12.9938987854251
"HKG","Hong Kong",105,7371.73,"733",22.65,NA,NA,1.583,4,NA,NA,NA,NA,NA,NA,10.17478,NA,0,NA,NA,0
"HND","Honduras",11189,9587.522,"823",23.5,1976,"1760",2875.477,1596,50.108,4.0941,NA,NA,0,6359.26,110.17545,6256.995,59.698,5526,208000,0
"HRV","Croatia",5659,4156.405,"5,835.00",10.9,1113,"608",414.125,876,5.482,0.4478,11.57298,0.945497,73.27,1858.34,99.42,4020.773,NA,NA,235000,18.9010989010993
"HTI","Haiti",2756,11123.178,"1,771.00",24.9,1440,"490",1508.382,1350,13.695,1.1189,NA,NA,32,315.3,NA,1832.415,183,1502.415,NA,0.327935222672064
"HUN","Hungary",9126,9707.499,"0",9.75,589,"799",870,4497,NA,NA,NA,NA,140.96,1268.02,423.6,15815.997,11.971,NA,20000,14.8935222672067
"IDN","Indonesia",187751.9,267670.543,"54,716.00",25.85,2702,"11000",16432.945,51300,322.445,26.346,NA,NA,4525.7,87607.5,3237.08726,52204.822,83037,21744,388000,41.0785425101215
"IMN","Isle of Man",57,84.077,"160",8.45,NA,"17.2",NA,23.1,NA,NA,NA,NA,NA,NA,NA,NA,NA,NA,NA,0
"IND","India",297319,1352642.28,"7,000.00",23.65,1083,"10258",184464.035,169416,77.368,6.3215,NA,NA,10039,58891,17628.2,522640,172580,376900,NA,55.0929149797573
"IRL","Ireland",6889,4818.69,"1,448.00",9.3,1118,"4064",7348.5,452,NA,NA,1.80997,0.147787,662.22,107.8,395.82461,1934.351,NA,NA,230000,19.5347287449393
"IRN","Iran (Islamic Republic of)",162876,81800.188,"2,440.00",17.25,228,"29477",5244.031,16477,52.643,4.3012,NA,NA,1000.89,9750.98,564.91175,31672.684,1990,8114.804,NA,527.207287449405
"IRQ","Iraq",43412.8,38433.6,"58",21.4,216,"4000",1996.358,5250,1.371,0.1119,NA,NA,89.79,735.21,180.93787,4056.181,274.788,10.28,NA,3.44926675635522e-15
"ISL","Iceland",10083,336.713,"4,970.00",1.75,1940,"1751",81.385,121,NA,NA,0.47972,0.039097,0,11.79,11.743,3.9,NA,NA,0,0.540283400809713
"ISR","Israel",2164,8381.516,"273",19.2,435,"140",546.2,483.3,0.328,0.0267,NA,NA,0,55,50.2,209.321,NA,NA,10000,0.0502024291497941
"ITA","Italy",29773,60627.291,"7,600.00",13.45,832,"3245",5923.204,9160,163.372,13.3486,15.07333,1.231501,128.34,8921.09,602.11,16776.085,1512.241,NA,0,30.5266396761129
"JAM","Jamaica",1083,2934.847,"1,022.00",24.95,2051,"229",123.724,215,14.483,1.1833,NA,NA,8.38,588.51,3.70487,1030.577,0,1028.4,NA,0.922469635627539
"JOR","Jordan",8878,9965.318,"26",18.3,111,"742",71.648,279.8,0.026,0.002,NA,NA,46.9,50.6,19.918,91.196,NA,NA,NA,1.86376518218627
"JPN","Japan",36450,127202.192,"29,751.00",11.15,1668,"428",3842,4420,8.667,0.708,NA,NA,0,14751,389.1,5768.544,9727.5,1217.298,6773000,11.0324675324676
"KAZ","Kazakhstan",269970,18319.618,"0",6.4,250,"186156.1",7150.92,29880.4,NA,NA,NA,NA,0,2975.41,104.9,20134.925,482.945,NA,0,0
"KEN","Kenya",56914,51392.565,"536",24.75,630,"21300",19635.142,6330,3.143,0.2567,NA,NA,152.79,3458.3,59.94038,9984.044,110.325,5262.157,36000,0
"KGZ","Kyrgyzstan",19180,6304.03,"0",1.55,533,"9176.3",1627.296,1365,NA,NA,NA,NA,0,1058.96,24.979,2515.693,40.783,NA,0,0
"KHM","Cambodia",17652,16249.792,"443",26.8,1904,"1500",2855.353,4066,NA,NA,NA,NA,556.21,7464.4,127.78834,1198.585,10647.212,594.252,NA,0
"KIR","Kiribati",81,115.847,"1,143.00",28.2,NA,NA,NA,34,9.078,0.7417,NA,NA,0,0,NA,NA,NA,NA,NA,NA
"KNA","Saint Kitts and Nevis",26,52.441,"135",24.5,1427,"0.9",2.067,5.1,1.1,0.0898,NA,NA,0,0,0.01255,0,NA,NA,NA,0.0101821862348182
"KOR","Korea, Republic of",9752,51171.706,"2,413.00",11.5,1274,"56",3520.886,1596,NA,NA,NA,NA,2274.12,4042.88,216.14145,231.868,5195.437,NA,262000,0.386417004048584
"KWT","Kuwait",1782,4137.312,"499",25.35,121,"136",29.072,14,28.983,2.3681,NA,NA,6.25,0,2,11.216,NA,NA,NA,0
"LAO","Lao People's Democratic Republic",23080,7061.507,"0",22.8,1834,"675",2040.907,1719,NA,NA,NA,NA,168,14824.25,NA,2816.205,3584.7,1834.525,NA,4.07874493927122
"LBN","Lebanon",1023,6859.408,"225",16.4,661,"400",81.993,258,NA,NA,NA,NA,0,142.93,16.92592,174.83,NA,0.091,NA,0
"LBR","Liberia",9632,4818.973,"579",25.3,2391,"1254.04",44.891,700,NA,NA,NA,NA,27.03,7590.41,NA,275.277,257.995,275.277,NA,25.3725425101212
"LBY","Libyan Arab Jamahiriya",175954,6678.559,"1,770.00",21.8,56,"13300",216.101,2050,0.212,0.0172,NA,NA,217,0,14.7,242.231,NA,NA,NA,0
"LCA","Saint Lucia",61,181.889,"158",25.5,2301,"0.6",10.854,10,0.122,0.0099,NA,NA,3.15,17.45,0.13215,0,NA,NA,NA,0.0708906882591099
"LIE","Liechtenstein",16,37.91,"0",5.65,NA,"3",5.894,2.16,NA,NA,NA,NA,NA,NA,NA,NA,NA,NA,0,0.0493927125506077
"LKA","Sri Lanka",6186.4,21228.763,"1,340.00",26.95,1712,"440",1110.74,2371.6,52.462,4.2864,NA,NA,249.81,1863.21,68.82965,923.055,3929.831,644.785,3000,0
"LSO","Lesotho",3036,2108.328,"0",11.85,788,"2000",496.238,433.3,NA,NA,NA,NA,5.32,25.85,NA,124.917,NA,NA,NA,0
"LTU","Lithuania",6263,2801.264,"90",6.2,656,"796",676.893,2151,NA,NA,NA,NA,0,1591.66,159.433,4834.69,NA,NA,774000,0
"LUX","Luxembourg",243,604.245,"0",8.65,934,"67.705",196.127,63.676,NA,NA,NA,NA,0,58.7,13.038,154.236,NA,NA,98500,0
"LVA","Latvia",6209,1928.459,"498",5.6,641,"635",405.82,1303,NA,NA,0.98863,0.080679,18.37,2918.9,74.54,2031.9,NA,NA,1655200,5.26923076923077
"MAC","Macau",3.29,631.636,"41",22.8,NA,NA,NA,NA,NA,NA,NA,NA,NA,NA,0,NA,NA,NA,NA,NA
"MAF","Saint Martin",NA,NA,NA,NA,NA,NA,NA,NA,NA,NA,NA,NA,NA,NA,NA,NA,NA,NA,NA,NA
"MAR","Morocco",44630,36029.093,"1,835.00",17.1,346,"21000",3441,9069,NA,NA,NA,NA,634.6,5107.59,248.5,14652.181,63.037,616.114,NA,0
"MCO","Monaco",0.2027,38.682,"4.1",13.55,NA,NA,NA,NA,0.009,6e-04,NA,NA,0,0,NA,NA,NA,NA,NA,NA
"MDA","Republic of Moldova",3288.53,4051.944,"0",9.45,450,"341.1",167.423,1916,NA,NA,NA,NA,0,167.7,63.75094,4128.219,NA,NA,1000,1.24249084249085
"MDG","Madagascar",58180,26262.313,"4,828.00",22.65,1513,"37295",10329.79,3600,105.455,8.6163,1.06381,0.086821,312,12117.81,28.65326,3365.557,4030,3142.902,3765,0
"MDV","Maldives",30,515.696,"644",27.65,1972,"1",NA,6.9,43.921,3.5886,NA,NA,0,0.82,0.40608,0.204,NA,NA,NA,0
"MEX","Mexico",194395,126190.788,"9,330.00",21,758,"80279",34820.271,26612,497.719,40.6672,49.8536,4.073302,1707.17,65591.7,1331.83719,92627.615,283.763,56841.523,NA,22.1888663967605
"MHL","Marshall Islands",18,58.413,"370.4",27.4,NA,"0.1",NA,8.5,9.62,0.7859,NA,NA,0,6.27,NA,NA,NA,NA,NA,0.1047619047619
"MKD","The former Yugoslav Republic of Macedonia",2522,2082.957,"0",9.8,619,"805",256.181,459,NA,NA,NA,NA,0,0,17.914,586.482,19.732,NA,0,0
"MLI","Mali",122019,19077.749,"0",28.25,282,"34640",11758.377,6561,NA,NA,NA,NA,0,12728,102.9906,7370.273,3167.528,366.16,507000,0
"MLT","Malta",32,439.248,"253",19.2,560,NA,14.125,10.38,8.403,0.6865,NA,NA,0.04,0.42,1.29799,14.394,NA,NA,0,NA
"MMR","Burma",65279,53708.32,"1,930.00",13.05,2091,"298.7",17418.364,12590.3,53.704,4.3879,NA,NA,427.09,28117.63,271.30403,13731.514,25418.142,10659.222,NA,2.13115384615387
"MNE","Montenegro",1345,627.809,"293.5",10.55,NA,"242.1",86.539,14.6,NA,NA,0.58307,0.047541,8,819,1.25546,7.3,NA,NA,125400,10.3852747252746
"MNG","Mongolia",155725.5,3170.216,"0",-0.7,241,"112100.6",4380.879,1332.4,NA,NA,NA,NA,7.68,14165.1,40.51882,453.85,NA,NA,NA,378.090360323891
"MNP","Northern Mariana Islands",46,56.882,"1,482.00",27.35,NA,"1",NA,2,NA,NA,NA,NA,NA,NA,NA,NA,NA,NA,NA,0.0402298850574713
"MOZ","Mozambique",78638,29496.004,"2,470.00",23.8,1032,"35463.832",2020.189,5950,12.919,1.0555,NA,NA,70.01,37154.16,26.50847,4855.92,134.105,3072.851,NA,262.71755506073
"MRT","Mauritania",103070,4403.313,"754",27.65,92,"39250",1912.564,411,NA,NA,NA,NA,0,269.3,NA,107.914,232.196,NA,NA,0
"MSR","Montserrat",10,4.993,"40",NA,NA,"1",10.074,2,NA,NA,NA,NA,NA,NA,NA,0.138,NA,NA,NA,8.42106141686741e-19
"MTQ","Martinique",106,375.673,"",NA,NA,"15.67",12.965,15.66,NA,NA,NA,NA,NA,NA,NA,198.102,NA,198.102,NA,0.112002024291499
"MUS","Mauritius",203,1267.185,"177",22.4,2041,"7",3.985,79,2.421,0.1977,NA,NA,0,20.3,7.4086,3154.903,0.019,3154.516,200,1.68421228337658e-17
"MWI","Malawi",9428,18143.217,"0",21.9,1181,"1850",1655.517,3800,NA,NA,NA,NA,75.7,2166,88.0849,5837.598,112.313,3024.743,6500,0
"MYS","Malaysia",32855,31528.033,"4,675.00",25.4,2875,"285",752.547,8286,12.061,0.9854,NA,NA,1697.12,17416.92,382.37795,105.795,2718.987,29.433,1404000,0
"MYT","Mayotte",37.4,259.531,"",NA,NA,"0.02",NA,19.98,NA,NA,NA,NA,NA,NA,NA,NA,NA,NA,NA,9.64913287349928e-20
"NAM","Namibia",82329,2448.301,"1,572.00",19.95,285,"38000",2897.115,810,NA,NA,NA,NA,0,8059.08,20.35659,152.898,NA,NA,NA,3.49525697976939e-13
"NCL","New Caledonia",1828,277.483,"",NA,NA,"174.33",83.493,9.7,NA,NA,NA,NA,NA,NA,0.562,10.308,NA,NA,NA,2.1791093117409
"NER","Niger",126670,6465.501,"910",24.9,151,"28782",14363.595,17818,NA,NA,NA,NA,122.5,957.2,6.44051,6256.348,101.607,258.091,NA,0
"NFK","Norfolk Island",4,1.62,"64",NA,NA,"1",NA,NA,NA,NA,NA,NA,NA,NA,NA,NA,NA,NA,NA,5.33333889735287e-18
"NGA","Nigeria",91077,22442.822,"0",27.15,1150,"28623.45",21418.189,40500,161.514,13.1968,NA,NA,216.27,21410.68,443.23939,20830.036,6809.327,1423.086,NA,43.3156972267221
"NIC","Nicaragua",12034,4743.131,"15,134.00",10.55,2280,"3275",5157.57,1790,101.257,8.2733,3.59552,0.29368,41.11,3866.42,48.3095,7679.748,365,7224.366,7177,0
"NIU","Niue",26,195874.683,"853",26.8,NA,"1",0.113,4,NA,NA,NA,NA,0.01,18.87,NA,NA,NA,NA,NA,0
"NLD","Netherlands",3367,17059.56,"451",9.25,778,"764",3850.37,1059,1.749,0.1428,0.89542,0.073063,3,37.92,201.01,7848.674,NA,NA,902000,13.3296963562755
"NOR","Norway",36510.785,5337.962,"83,281.00",1.5,1414,"180.014",882.35,806.283,1.057,0.0863,NA,NA,108,12072,102.393,678.543,NA,NA,854597,0
"NPL","Nepal",14335,28095.714,"0",8.1,1500,"1795.3",7376.306,2325.7,NA,NA,NA,NA,220.6,5741.43,127.25126,8324.963,5151.925,3558.182,NA,0
"NRU","Nauru",2,10.67,"30",NA,NA,NA,NA,0.4,NA,NA,NA,NA,0,0,0,NA,NA,NA,NA,NA
"NZL","New Zealand",26331,279.993,"2,254.00",22.15,1732,"9909",10106.803,558,NA,NA,NA,NA,2084.48,7808.1,458,977.78,NA,NA,0,129.41234817814
"OMN","Oman",30950,4829.473,"2,092.00",25.6,125,"1350",396.913,108.89,NA,NA,NA,NA,0,2,10.22274,65.944,NA,1.19,NA,0
"PAK","Pakistan",77088,212228.286,"1,046.00",20.2,494,"5000",46084,31300,NA,NA,NA,NA,253.9,3614.34,3446.922,99409.295,10802.949,67173.975,0,0
"PAN","Panama",7417.7,4176.869,"2,490.00",25.4,2928,"1509",1558.4,750,32.769,2.6773,NA,NA,7.61,4148.1,11.61781,3045.7,314.946,2931.395,2000,0
"PER","Peru",128000,31989.26,"2,414.00",19.6,1738,"18800",5575.483,4808.7,NA,NA,2.85822,0.233437,107.25,71241.9,246.04591,12336.475,3557.9,10336.178,NA,0
"PHL","Philippines",29817,106651.394,"36,289.00",25.85,2348,"1500",2553.937,10940,273.668,22.3605,NA,NA,7172.18,6808.07,649.676,32503.303,19066.094,24730.82,NA,0
"PLW","Palau",46,17.907,"1,519.00",27.6,NA,"2",NA,2.3,13.308,1.0872,NA,NA,0,0,NA,NA,NA,NA,NA,0
"PNG","Papua New Guinea",45286,8606.323,"5,152.00",25.25,3142,"190",93.249,1000,169.881,13.8804,NA,NA,60.75,35795.57,31.73646,256.746,0.85,237.455,NA,0
"POL","Poland",30617,37921.592,"440",7.85,600,"3150",6201.441,11362,0.05,0.004,NA,NA,4,2054,1091.206,40989.094,NA,NA,7400000,32.5285425101219
"PRI","Puerto Rico",887,3039.596,"501",25.25,2054,"102.7",370.625,66.2,NA,NA,0.10941,0.008839,NA,NA,NA,0.102,0.186,NA,NA,8.06293522267219
"PRK","Korea, Democratic People's Republic of",12041,25549.604,"2,495.00",5.7,1054,"50",570.231,2580,NA,NA,NA,NA,987.34,5042.75,NA,2123.839,2088,NA,NA,0
"PRT","Portugal",9160.56,10256.193,"1,793.00",15.15,854,"1875.85",1632,1698.14,NA,NA,3.55688,0.290523,695,1056,100.45001,945.972,160.648,5.544,913536,0
"PRY","Paraguay",39730,6956.066,"0",23.55,1130,"17000",13500.965,4819,NA,NA,NA,NA,155.66,15946.6,133.10439,12334.929,894.6,6160,NA,0
"PSE","Palestine",602,4862.979,"40",19.2,402,"277",31.432,186,NA,NA,NA,NA,NA,NA,NA,50.083,NA,NA,NA,1.4371944818074e-16
"PYF","French Polynesia",352,277.679,"2,525.00",24.4,NA,"20",7.34,25.5,NA,NA,NA,NA,NA,NA,0.34326,3.517,NA,3.517,NA,0
"QAT","Qatar",1149,2781.682,"563",27.15,74,"50",14.168,17,21.95,1.7933,NA,NA,NA,NA,1.4,2.308,NA,NA,NA,5.12000534145812e-16
"ROU","Romania",23008,19506.114,"225",8.8,637,"4288",2011.1,9126,NA,NA,0.44722,0.036441,0,6033.98,344.311,32488.19,43.355,NA,2023931,0
"RUS","Russia",1637687,145734.038,"37,653.00",-5.1,460,"92052",18294.228,123442,24.571,2.0075,128.18156,10.473267,0,796431.5,1542.017,149933.897,1038.222,NA,8600000,0
"RWA","Rwanda",2467,12301.97,"0",17.85,1212,"410",1293.768,1401.7,NA,NA,NA,NA,150,126,4.33406,702.716,119.932,116.473,NA,9.9263157894738
"SAU","Saudi Arabia",214969,33702.756,"2,640.00",24.65,59,"170000",368.428,3629,3347.413,273.5079,NA,NA,0,977,173.3,1378.867,0,NA,NA,0
"SDN","Sudan",184923.3715,41801.533,"853",26.9,250,"48195",31223,19991.16,81.219,6.6361,NA,NA,130,18229.55,163.06671,14142.741,30,5902.741,106000,0
"SEN","Senegal",19253,15854.323,"531",27.85,686,"5600",3615.523,3278,27.112,2.2151,NA,NA,32,8036.16,37,1870.062,762.776,886.195,NA,3.71376518218627
"SGP","Singapore",70.9,5757.499,"193",26.45,2497,NA,0.179,0.66,4.357,0.3559,NA,NA,0,16.29,0,0,NA,NA,NA,NA
"SHN","Saint Helena",39,6.035,"180",NA,NA,"8",0.665,4,NA,NA,NA,NA,NA,NA,NA,NA,NA,NA,NA,4.26667111788256e-17
"SLB","Solomon Islands",2799,652.857,"5,313.00",25.65,3028,"8",15.446,109,22.938,1.8741,NA,NA,23.2,2498.7,NA,NA,2.737,NA,NA,0
"SLE","Sierra Leone",7218,7650.15,"402",26.05,2526,"2200",702.303,1749,80.693,6.5931,NA,NA,21.31,2513.57,NA,187.601,919.785,78.432,NA,0.1368421052632
"SLV","El Salvador",2072,6420.746,"307",24.45,1784,"625.12",881.372,854,NA,NA,NA,NA,17.61,566.27,54.86497,7840.8,22.764,7046.001,457000,1.67008906882589
"SMR","San Marino",6,33.785,"0",11.85,NA,NA,NA,2.3,NA,NA,NA,NA,0,1,NA,NA,NA,NA,NA,NA
"SOM","Somalia",62734,15008.226,"3,025.00",27.05,282,"43000",4749.973,1125,NA,NA,NA,NA,3,5977,NA,478.563,4.766,209.291,NA,1.7476284898847e-13
"SPM","Saint Pierre and Miquelon",23,5.849,"120",NA,NA,NA,0.038,2,NA,NA,NA,NA,NA,NA,NA,NA,NA,NA,NA,NA
"SRB","Serbia",8746,8802.754,"0",10.55,NA,"676",878.336,2788,NA,NA,NA,NA,34.35,2606.82,116.15717,12875.507,NA,NA,424000,8.6829670329669
"SSD","South Sudan",63192.8123,10975.927,"0",NA,900,"25773.2",12074.116,2760,NA,NA,NA,NA,187.9,6969.1,NA,745,NA,NA,NA,1.71495965620491e-12
"STP","Sao Tome and Principe",96,211.028,"209",23.75,3200,"1",1.407,43,NA,NA,NA,NA,0,55,NA,0.941,NA,NA,NA,5.3333388973532e-18
"SUR","Suriname",15600,575.99,"386",25.7,2331,"16",34.341,68,NA,NA,NA,NA,13,15182.14,6.98115,126.058,273.916,125.973,40400,0.108542510121459
"SVK","Slovakia",4808,5453.014,"0",6.8,824,"524",439.826,1365,NA,NA,NA,NA,8.45,1177.36,128.97688,5349.081,NA,NA,8e+05,17.9009230769231
"SVN","Slovenia",2013.64,2077.837,"46.6",8.9,1162,"376.26",479.614,235.75,0.003,1e-04,0.09342,0.007533,0,1192.14,27.293,597.723,NA,NA,8e+05,0
"SWE","Sweden",40731,9971.638,"3,218.00",2.1,624,"455",1435.45,2554,0.797,0.0651,6.38294,0.521433,382,14068,184.187,4953.9,NA,NA,9480000,6.47773279352228
"SWZ","Swaziland",1720,1136.281,"0",21.4,788,"1032",615.902,190,NA,NA,NA,NA,108.11,385.83,NA,5688.739,0.083,5596.146,NA,2.66740890688259
"SYC","Seychelles",46,97.096,"491",27.15,2330,NA,0.261,1.55,NA,NA,NA,NA,4.9,28.52,0.04675,NA,NA,NA,0,NA
"SYR","Syrian Arab Republic",18363,16945.057,"193",17.75,252,"8188",1090,5733,NA,NA,NA,NA,211.4,310.68,5.40825,1778.514,0,0.001,NA,1.64251012145743
"TCA","Turks and Caicos Islands",95,37.665,"389",28,NA,NA,NA,1,NA,NA,NA,NA,NA,NA,NA,NA,NA,NA,NA,NA
"TCD","Chad",125920,15477.729,"0",26.55,322,"45000",29063.152,5238,NA,NA,NA,NA,0,4293,NA,3237.505,259.54,475.073,NA,3.49525697976939e-13
"TGO","Togo",5439,7889.093,"56",27.15,1168,"1000",453.088,2820,3.473,0.2837,NA,NA,27.2,1234.46,4.27016,1193.254,145.489,NA,NA,0
"THA","Thailand",51089,69428.453,"3,219.00",26.3,1622,"800",4656.654,21310,33.292,2.7201,NA,NA,3537,16336,1515.92078,109697.241,32192.087,104360.867,6e+06,0
"TJK","Tajikistan",13879,9100.835,"0",2,691,"3875",2327.531,852.7,NA,NA,NA,NA,80.23,305.38,7.93729,1128.394,90.446,NA,NA,0
"TKL","Tokelau",1,1.319,"101",NA,NA,NA,NA,0.6,NA,NA,NA,NA,0,0,NA,NA,NA,NA,NA,NA
"TKM","Turkmenistan",46993,5850.901,"0",15.1,161,"31838",2217.448,2000,NA,NA,NA,NA,0,4127,NA,1302.355,130,NA,0,98.0903540903541
"TLS","Timor-Leste",1487,1267.974,"706",25.25,1500,"150",209.104,230,6.125,0.5004,NA,NA,0,921.1,NA,101.564,86.647,NA,NA,0
"TON","Tonga",72,103.197,"419",25.25,NA,"4",11.933,31,67.402,5.5071,NA,NA,1,7.95,0.06357,NA,NA,NA,NA,2.13333555894128e-17
"TTO","Trinidad and Tobago",513,1389.843,"362",25.75,2200,"7",36.303,47,0.021,0.0017,NA,NA,60,147.49,6.5,2.781,0.586,NA,NA,0
"TUN","Tunisia",15536,11565.201,"1,148.00",19.2,207,"4750",649.69,4993,91.283,7.4583,NA,NA,69.81,488.7,71.8,2338.933,NA,NA,15000,0
"TUR","Turkey",76963,82340.088,"7,200.00",11.1,593,"14617",15943.586,23185,0.007,5e-04,14.28005,1.166684,707.65,21200.71,1527.588,52354.4,940,NA,850000,0
"TUV","Tuvalu",3,11.508,"24",28,NA,NA,NA,1.8,NA,NA,NA,NA,0,1,NA,NA,NA,NA,NA,NA
"TWN","Taiwan",3541,23726.46,"1,566.30",NA,NA,NA,145.095,790.7,NA,NA,NA,NA,NA,NA,154.73676,806.467,1949.796,621.871,NA,NA
"TZA","United Republic of Tanzania",88580,56313.438,"1,424.00",22.35,1071,"24000",27427.658,15650,0.838,0.0684,NA,NA,553.04,47536.97,141.75826,10322.021,3016.695,3051.792,NA,0
"UGA","Uganda",20052,42729.036,"0",22.8,1180,"5315",15767.794,9100,NA,NA,NA,NA,465.16,1872.75,11.209,7472.655,260.786,3976.81,NA,0
"UKR","Ukraine",57940,44246.156,"2,782.00",8.3,565,"7577",3530.8,33751,218.165,17.8256,NA,NA,370,4842,1404.913,82870.827,69.21,NA,815800,0
"URY","Uruguay",17502,3449.285,"660",17.55,1300,"12000",11468,2015.9,NA,NA,0.78218,0.06381,1119,849,172.96303,2373.044,1360,350.544,2258,47.381781376519
"USA","United States",914742,327096.265,"19,924.00",8.55,715,"245373.5538",94298,160436.8,285.798,23.3517,344.79919,28.172504,14029,282274,11644.46103,519101.291,10170.04,31335.984,14818026,0
"UZB","Uzbekistan",44055.5,32476.244,"0",12.05,206,"21115.2",12814,4462.5,NA,NA,NA,NA,1580.24,1408.67,721.316,11497.574,221.089,NA,0,90.6214896214892
"VAT","Holy See (Vatican City)",0.044,0.801,"0",NA,NA,NA,NA,NA,NA,NA,NA,NA,NA,NA,NA,NA,NA,NA,NA,NA
"VCT","Saint Vincent and the Grenadines",39,110.211,"84",26.8,1583,"2",3.903,5,NA,NA,NA,NA,0.17,28.24,NA,18.316,NA,17.286,NA,1.06666777947064e-17
"VEN","Venezuela",88205,28887.118,"2,800.00",25.35,2044,"18200",16960.156,3300,23.53,1.9225,NA,NA,1237.83,44872.75,260.6,5546.79,494.549,4166.916,123000,0
"VGB","British Virgin Islands",15,29.802,"80",NA,NA,"5",2.4,2,NA,NA,NA,NA,NA,NA,NA,NA,NA,NA,NA,2.24561637783521e-17
"VIR","United States Virgin Islands",35,104.68,"188",NA,NA,"2",8.128,2,NA,NA,0.04168,0.003306,NA,NA,NA,0,NA,NA,NA,0.191093117408908
"VNM","Viet Nam",31007,95545.962,"3,444.00",24.45,1821,"642",5802.907,11526.8,5.743,0.4692,NA,NA,4235.77,10255.52,1572.82728,22822.628,44046.25,17945.204,650000,0
"VUT","Vanuatu",1219,292.68,"2,528.00",23.95,NA,"42",176.738,145,22.643,1.85,NA,NA,0,0,NA,0.917,NA,NA,NA,0
"WLF","Wallis and Futuna Islands",14,11.661,"129",25.6,NA,NA,0.06,6,NA,NA,NA,NA,NA,NA,NA,0.021,NA,0.021,NA,NA
"WSM","Samoa",283,196.129,"403",26.7,NA,"12.1",53.151,63.6,17.98,1.469,NA,NA,4.38,156.7,0.01022,0.012,NA,0.012,NA,0
"YEM","Yemen",52797,28498.683,"1,906.00",23.85,167,"22000",1792.897,1387.7,554.034,45.2685,NA,NA,0,549,3.62224,478.316,NA,0,NA,0
"ZAF","South Africa",121309,57792.518,"2,798.00",17.75,495,"83928",12789.515,12413,7.42,0.6062,1.12545,0.091858,1270,13906.47,470,34270.354,3.026,19301.688,526234,0
"ZMB","Zambia",74339,17351.708,"0",21.4,1020,"20000",4172.422,3836,NA,NA,NA,NA,45.43,44761.91,147.98574,7024.325,43.063,4460.78,67000,0
"ZWE","Zimbabwe",38685,14438.802,"0",21,657,"12100",5446.674,4100,NA,NA,NA,NA,108,17336.58,65,4254.946,0.755,3305.073,NA,0
